FECHA (YYMMDD);HORA (HHMM);Registros validados;Registros preliminares;Registros no validados
160101;0;41,527;;
160102;0;33,5916;;
160103;0;34,8695;;
160104;0;32,1737;;
160105;0;31,2652;;
160106;0;;;10,0503
160107;0;;;9,31699
160108;0;;;9,32481
160109;0;;;18,6935
160110;0;24,5879;;
160111;0;37,3829;;
160112;0;34,8629;;
160113;0;22,8838;;
160114;0;30,5009;;
160115;0;22,8062;;
160116;0;19,1966;;
160117;0;17,2452;;
160118;0;21,5933;;
160119;0;32,1108;;
160120;0;38,7716;;
160121;0;38,9924;;
160122;0;29,0087;;
160123;0;24,9846;;
160124;0;27,7204;;
160125;0;26,2154;;
160126;0;31,2116;;
160127;0;28,8158;;
160128;0;22,7814;;
160129;0;32,2853;;
160130;0;40,7391;;
160131;0;36,2195;;
160201;0;55,1558;;
160202;0;47,959;;
160203;0;25,2321;;
160204;0;39,5591;;
160205;0;40,5537;;
160206;0;47,2908;;
160207;0;31,7416;;
160208;0;21,6137;;
160209;0;20,9583;;
160210;0;24,3025;;
160211;0;24,4729;;
160212;0;23,7356;;
160213;0;21,3975;;
160214;0;21,5416;;
160215;0;22,8029;;
160216;0;23,0591;;
160217;0;26,1941;;
160218;0;22,5108;;
160219;0;29,6954;;
160220;0;21,4658;;
160221;0;21,6796;;
160222;0;25,0426;;
160223;0;30,0245;;
160224;0;27,4474;;
160225;0;24,9468;;
160226;0;24,4008;;
160227;0;25,5033;;
160228;0;29,8824;;
160229;0;39,1633;;
160301;0;39,4691;;
160302;0;39,712;;
160303;0;25,1258;;
160304;0;23,9621;;
160305;0;34,9587;;
160306;0;21,7854;;
160307;0;39,3712;;
160308;0;27,8829;;
160309;0;49,3995;;
160310;0;45,6099;;
160311;0;30,0634;;
160312;0;61,3054;;
160313;0;44,4904;;
160314;0;40,4458;;
160315;0;34,1767;;
160316;0;49,5566;;
160317;0;32,2256;;
160318;0;28,687;;
160319;0;27,717;;
160320;0;24,7078;;
160321;0;34,4345;;
160322;0;22,9453;;
160323;0;29,1071;;
160324;0;39,9091;;
160325;0;78,1307;;
160326;0;78,022;;
160327;0;41,9058;;
160328;0;33,3904;;
160329;0;75,6526;;
160330;0;32,9512;;
160331;0;35,1862;;
160401;0;53,4229;;
160402;0;30,7174;;
160403;0;32,095;;
160404;0;43,987;;
160405;0;114,391;;
160406;0;47,4949;;
160407;0;46,2473;;
160408;0;73,8086;;
160409;0;161,71;;
160410;0;141,384;;
160411;0;170,56;;
160412;0;167,171;;
160413;0;74,397;;
160414;0;63,8612;;
160415;0;38,2908;;
160416;0;36,8135;;
160417;0;76,4374;;
160418;0;62,2312;;
160419;0;42,1458;;
160420;0;36,96;;
160421;0;53,1845;;
160422;0;114,64;;
160423;0;96,5494;;
160424;0;130,342;;
160425;0;237,589;;
160426;0;338,366;;
160427;0;336,884;;
160428;0;101,471;;
160429;0;311,717;;
160430;0;195,306;;
160501;0;290,359;;
160502;0;345,4;;
160503;0;299,861;;
160504;0;292,475;;
160505;0;278,68;;
160506;0;284,881;;
160507;0;203,263;;
160508;0;60,4977;;
160509;0;53,7017;;
160510;0;52,265;;
160511;0;83,677;;
160512;0;172,044;;
160513;0;156,971;;
160514;0;86,459;;
160515;0;80,959;;
160516;0;91,9165;;
160517;0;151,078;;
160518;0;63,1711;;
160519;0;285,964;;
160520;0;481,475;;
160521;0;455,058;;
160522;0;438,3;;
160523;0;411,683;;
160524;0;384,931;;
160525;0;35,6929;;
160526;0;;;
160527;0;154,963;;
160528;0;390,258;;
160529;0;315,487;;
160530;0;244,352;;
160531;0;120,497;;
160601;0;197,196;;
160602;0;311,129;;
160603;0;296,602;;
160604;0;;;
160605;0;;;
160606;0;;;
160607;0;;;
160608;0;77,2583;;
160609;0;167,944;;
160610;0;132,018;;
160611;0;98,0887;;
160612;0;176,728;;
160613;0;68,8462;;
160614;0;66,7286;;
160615;0;79,4879;;
160616;0;57,7961;;
160617;0;119,161;;
160618;0;196,363;;
160619;0;381,158;;
160620;0;362,321;;
160621;0;111,337;;
160622;0;228,626;;
160623;0;122,604;;
160624;0;61,3595;;
160625;0;48,0362;;
160626;0;104,947;;
160627;0;275,25;;
160628;0;201,912;;
160629;0;41,5009;;
160630;0;125,117;;
160701;0;136,539;;
160702;0;355,408;;
160703;0;144,572;;
160704;0;39,5971;;
160705;0;52,6495;;
160706;0;45,6602;;
160707;0;56,9083;;
160708;0;57,8766;;
160709;0;68,08;;
160710;0;123,877;;
160711;0;125,158;;
160712;0;101,2;;
160713;0;92,575;;
160714;0;50,2725;;
160715;0;92,202;;
160716;0;95,3859;;
160717;0;144,734;;
160718;0;150,724;;
160719;0;285,146;;
160720;0;124,122;;
160721;0;104,607;;
160722;0;88,9895;;
160723;0;123,662;;
160724;0;198,153;;
160725;0;145,021;;
160726;0;252,749;;
160727;0;110,723;;
160728;0;163,065;;
160729;0;172,303;;
160730;0;226,742;;
160731;0;218,235;;
160801;0;266,521;;
160802;0;258,892;;
160803;0;170,692;;
160804;0;84,3472;;
160805;0;59,0254;;
160806;0;84,2312;;
160807;0;59,3796;;
160808;0;40,1525;;
160809;0;49,6804;;
160810;0;95,0721;;
160811;0;56,3876;;
160812;0;116,723;;
160813;0;65,4254;;
160814;0;108,07;;
160815;0;132,614;;
160816;0;176,63;;
160817;0;101,308;;
160818;0;79,1409;;
160819;0;163,549;;
160820;0;66,9113;;
160821;0;29,8737;;
160822;0;60,7558;;
160823;0;59,6216;;
160824;0;141,517;;
160825;0;144,463;;
160826;0;70,2333;;
160827;0;99,1245;;
160828;0;88,0704;;
160829;0;82,5691;;
160830;0;55,7617;;
160831;0;45,2808;;
160901;0;66,8895;;
160902;0;187,816;;
160903;0;229,55;;
160904;0;203,922;;
160905;0;110,13;;
160906;0;84,2979;;
160907;0;85,6123;;
160908;0;61,3596;;
160909;0;76,8108;;
160910;0;100,968;;
160911;0;118,339;;
160912;0;43,6579;;
160913;0;46,5421;;
160914;0;49,145;;
160915;0;37,5737;;
160916;0;72,9583;;
160917;0;114,93;;
160918;0;90,1379;;
160919;0;78,3983;;
160920;0;36,8737;;
160921;0;44,4775;;
160922;0;56,6629;;
160923;0;92,46;;
160924;0;181,547;;
160925;0;78,3912;;
160926;0;52,6827;;
160927;0;92,9371;;
160928;0;92,365;;
160929;0;72,2408;;
160930;0;50,7692;;
161001;0;39,2329;;
161002;0;92,3037;;
161003;0;86,5142;;
161004;0;56,3737;;
161005;0;40,533;;
161006;0;31,1333;;
161007;0;54,3871;;
161008;0;44,6096;;
161009;0;22,3354;;
161010;0;24,2183;;
161011;0;31,6431;;
161012;0;34,8026;;
161013;0;23,5691;;
161014;0;41,7473;;
161015;0;58,6179;;
161016;0;56,9858;;
161017;0;37,7125;;
161018;0;70,1996;;
161019;0;61,5846;;
161020;0;28,48;;
161021;0;40,9221;;
161022;0;56,2534;;
161023;0;52,1704;;
161024;0;28,8908;;
161025;0;25,2913;;
161026;0;25,3825;;
161027;0;28,9379;;
161028;0;25,9732;;
161029;0;17,2783;;
161030;0;20,502;;
161031;0;23,3944;;
161101;0;17,0325;;
161102;0;19,7264;;
161103;0;24,499;;
161104;0;45,6873;;
161105;0;27,5967;;
161106;0;27,9099;;
161107;0;35,1008;;
161108;0;37,1571;;
161109;0;21,8782;;
161110;0;22,7753;;
161111;0;22,2352;;
161112;0;19,071;;
161113;0;21,2307;;
161114;0;28,6337;;
161115;0;39,382;;
161116;0;34,7654;;
161117;0;26,9475;;
161118;0;24,4088;;
161119;0;17,6183;;
161120;0;51,0296;;
161121;0;36,1721;;
161122;0;33,5942;;
161123;0;18,3191;;
161124;0;16,1794;;
161125;0;22,5492;;
161126;0;20,6461;;
161127;0;15,5312;;
161128;0;18,8065;;
161129;0;17,5392;;
161130;0;16,1608;;
161201;0;30,5297;;
161202;0;22,1271;;
161203;0;33,44;;
161204;0;34,9429;;
161205;0;18,1467;;
161206;0;16,8167;;
161207;0;16,8662;;
161208;0;15,341;;
161209;0;24,0131;;
161210;0;16,2749;;
161211;0;13,7545;;
161212;0;16,3813;;
161213;0;21,0088;;
161214;0;19,4876;;
161215;0;15,2095;;
161216;0;16,7778;;
161217;0;14,1071;;
161218;0;11,9622;;
161219;0;14,014;;
161220;0;20,5358;;
161221;0;16,1019;;
161222;0;13,6653;;
161223;0;16,1367;;
161224;0;29,4767;;
161225;0;22,8448;;
161226;0;16,1031;;
161227;0;14,1106;;
161228;0;13,8691;;
161229;0;14,93;;
161230;0;16,7461;;
161231;0;19,345;;
170101;0;24,3273;;
170102;0;23,2267;;
170103;0;16,681;;
170104;0;21,1171;;
170105;0;20,5483;;
170106;0;32,9638;;
170107;0;18,6381;;
170108;0;17,2158;;
170109;0;20,1864;;
170110;0;14,5209;;
170111;0;18,8524;;
170112;0;25,3339;;
170113;0;16,6393;;
170114;0;15,8946;;
170115;0;14,2431;;
170116;0;21,8672;;
170117;0;15,2973;;
170118;0;17,6142;;
170119;0;14,1762;;
170120;0;12,7413;;
170121;0;17,8208;;
170122;0;21,9733;;
170123;0;20,0989;;
170124;0;15,954;;
170125;0;13,1948;;
170126;0;11,4483;;
170127;0;15,0485;;
170128;0;18,802;;
170129;0;14,2845;;
170130;0;17,9944;;
170131;0;21,7185;;
170201;0;16,2332;;
170202;0;18,0012;;
170203;0;16,0228;;
170204;0;22,7075;;
170205;0;18,2979;;
170206;0;21,804;;
170207;0;16,9171;;
170208;0;17,4192;;
170209;0;18,5125;;
170210;0;14,9155;;
170211;0;17,1783;;
170212;0;21,9725;;
170213;0;19,133;;
170214;0;23,3892;;
170215;0;16,6704;;
170216;0;19,2218;;
170217;0;19,5101;;
170218;0;23,5753;;
170219;0;23,5687;;
170220;0;24,9691;;
170221;0;22,2062;;
170222;0;16,2255;;
170223;0;15,0775;;
170224;0;18,7067;;
170225;0;15,7188;;
170226;0;16,216;;
170227;0;14,9436;;
170228;0;16,6978;;
170301;0;20,8913;;
170302;0;18,1936;;
170303;0;22,1462;;
170304;0;20,7212;;
170305;0;24,7397;;
170306;0;43,9608;;
170307;0;54,8004;;
170308;0;30,6225;;
170309;0;21,6035;;
170310;0;23,915;;
170311;0;20,9029;;
170312;0;15,4902;;
170313;0;27,3246;;
170314;0;22,7272;;
170315;0;26,29;;
170316;0;39,3392;;
170317;0;33,8044;;
170318;0;33,9946;;
170319;0;18,5892;;
170320;0;27,2859;;
170321;0;22,5982;;
170322;0;52,0004;;
170323;0;32,3784;;
170324;0;35,8775;;
170325;0;74,3229;;
170326;0;70,6312;;
170327;0;47,1054;;
170328;0;90,0758;;
170329;0;62,6789;;
170330;0;;;
170331;0;43,045;;
170401;0;78,8518;;
170402;0;59,6971;;
170403;0;27,0969;;
170404;0;31,7335;;
170405;0;33,7267;;
170406;0;62,3716;;
170407;0;89,9561;;
170408;0;99,2308;;
170409;0;36,565;;
170410;0;37,2103;;
170411;0;69,0209;;
170412;0;203,555;;
170413;0;276,984;;
170414;0;163,97;;
170415;0;121,688;;
170416;0;227,208;;
170417;0;167,672;;
170418;0;56,6721;;
170419;0;31,3517;;
170420;0;35,0546;;
170421;0;34,7746;;
170422;0;41,6083;;
170423;0;38,2833;;
170424;0;64,5079;;
170425;0;50,2871;;
170426;0;47,4017;;
170427;0;43,5196;;
170428;0;25,9209;;
170429;0;37,2888;;
170430;0;21,3306;;
170501;0;58;;
170502;0;36;;
170503;0;81;;
170504;0;45;;
170505;0;145;;
170506;0;158;;
170507;0;88;;
170508;0;96;;
170509;0;182;;
170510;0;315;;
170511;0;210;;
170512;0;204;;
170513;0;146;;
170514;0;40;;
170515;0;82;;
170516;0;120;;
170517;0;92;;
170518;0;125;;
170519;0;60;;
170520;0;41;;
170521;0;37;;
170522;0;47;;
170523;0;55;;
170524;0;82;;
170525;0;55;;
170526;0;70;;
170527;0;41;;
170528;0;87;;
170529;0;192;;
170530;0;221;;
170531;0;123;;
170601;0;68;;
170602;0;86;;
170603;0;68;;
170604;0;72;;
170605;0;49;;
170606;0;42;;
170607;0;86;;
170608;0;36;;
170609;0;29;;
170610;0;49;;
170611;0;31;;
170612;0;65;;
170613;0;83;;
170614;0;126;;
170615;0;157;;
170616;0;169;;
170617;0;225;;
170618;0;71;;
170619;0;109;;
170620;0;180;;
170621;0;190;;
170622;0;122;;
170623;0;171;;
170624;0;139;;
170625;0;140;;
170626;0;125;;
170627;0;226;;
170628;0;110;;
170629;0;121;;
170630;0;250;;
170701;0;123;;
170702;0;251;;
170703;0;179;;
170704;0;163;;
170705;0;220;;
170706;0;51;;
170707;0;123;;
170708;0;158;;
170709;0;56;;
170710;0;63;;
170711;0;71;;
170712;0;111;;
170713;0;86;;
170714;0;210;;
170715;0;232;;
170716;0;57;;
170717;0;48;;
170718;0;37;;
170719;0;65;;
170720;0;76;;
170721;0;115;;
170722;0;115;;
170723;0;53;;
170724;0;42;;
170725;0;57;;
170726;0;104;;
170727;0;80;;
170728;0;54;;
170729;0;84;;
170730;0;142;;
170731;0;65;;
170801;0;36;;
170802;0;31;;
170803;0;58;;
170804;0;120;;
170805;0;138;;
170806;0;93;;
170807;0;93;;
170808;0;191;;
170809;0;209;;
170810;0;145;;
170811;0;98;;
170812;0;65;;
170813;0;53;;
170814;0;41;;
170815;0;40;;
170816;0;43;;
170817;0;100;;
170818;0;72;;
170819;0;58;;
170820;0;23;;
170821;0;93;;
170822;0;55;;
170823;0;117;;
170824;0;58;;
170825;0;83;;
170826;0;86;;
170827;0;121;;
170828;0;220;;
170829;0;65;;
170830;0;;;
170831;0;;;
170901;0;;;
170902;0;;;
170903;0;;;
170904;0;;;
170905;0;;;
170906;0;;;
170907;0;;;
170908;0;;;
170909;0;58;;
170910;0;40;;
170911;0;41;;
170912;0;30;;
170913;0;45;;
170914;0;34;;
170915;0;23;;
170916;0;23;;
170917;0;32;;
170918;0;43;;
170919;0;27;;
170920;0;24;;
170921;0;24;;
170922;0;34;;
170923;0;32;;
170924;0;31;;
170925;0;45;;
170926;0;53;;
170927;0;48;;
170928;0;81;;
170929;0;72;;
170930;0;34;;
171001;0;20;;
171002;0;37;;
171003;0;59;;
171004;0;37;;
171005;0;35;;
171006;0;23;;
171007;0;25;;
171008;0;50;;
171009;0;28;;
171010;0;67;;
171011;0;49;;
171012;0;37;;
171013;0;23;;
171014;0;18;;
171015;0;21;;
171016;0;24;;
171017;0;29;;
171018;0;29;;
171019;0;25;;
171020;0;39;;
171021;0;29;;
171022;0;33;;
171023;0;30;;
171024;0;26;;
171025;0;22;;
171026;0;22;;
171027;0;28;;
171028;0;21;;
171029;0;27;;
171030;0;25;;
171031;0;55;;
171101;0;23;;
171102;0;27;;
171103;0;39;;
171104;0;34;;
171105;0;41;;
171106;0;29;;
171107;0;30;;
171108;0;37;;
171109;0;30;;
171110;0;30;;
171111;0;26;;
171112;0;20;;
171113;0;20;;
171114;0;19;;
171115;0;17;;
171116;0;18;;
171117;0;23;;
171118;0;25;;
171119;0;27;;
171120;0;25;;
171121;0;30;;
171122;0;23;;
171123;0;24;;
171124;0;23;;
171125;0;22;;
171126;0;25;;
171127;0;24;;
171128;0;16;;
171129;0;20;;
171130;0;30;;
171201;0;26;;
171202;0;37;;
171203;0;30;;
171204;0;22;;
171205;0;16;;
171206;0;15;;
171207;0;22;;
171208;0;24;;
171209;0;15;;
171210;0;12;;
171211;0;15;;
171212;0;14;;
171213;0;18;;
171214;0;22;;
171215;0;19;;
171216;0;18;;
171217;0;16;;
171218;0;17;;
171219;0;17;;
171220;0;17;;
171221;0;29;;
171222;0;21;;
171223;0;17;;
171224;0;15;;
171225;0;;;
171226;0;14;;
171227;0;22;;
171228;0;13;;
171229;0;16;;
171230;0;17;;
171231;0;18;;
180101;0;16;;
180102;0;13;;
180103;0;17;;
180104;0;20;;
180105;0;17;;
180106;0;18;;
180107;0;13;;
180108;0;11;;
180109;0;12;;
180110;0;16;;
180111;0;14;;
180112;0;14;;
180113;0;18;;
180114;0;13;;
180115;0;17;;
180116;0;18;;
180117;0;15;;
180118;0;16;;
180119;0;12;;
180120;0;10;;
180121;0;13;;
180122;0;17;;
180123;0;17;;
180124;0;17;;
180125;0;21;;
180126;0;18;;
180127;0;17;;
180128;0;17;;
180129;0;15;;
180130;0;15;;
180131;0;14;;
180201;0;12;;
180202;0;12;;
180203;0;13;;
180204;0;13;;
180205;0;18;;
180206;0;22;;
180207;0;14;;
180208;0;20;;
180209;0;22;;
180210;0;23;;
180211;0;25;;
180212;0;12;;
180213;0;14;;
180214;0;12;;
180215;0;11;;
180216;0;9;;
180217;0;14;;
180218;0;13;;
180219;0;19;;
180220;0;17;;
180221;0;20;;
180222;0;17;;
180223;0;24;;
180224;0;21;;
180225;0;8;;
180226;0;14;;
180227;0;18;;
180228;0;15;;
180301;0;15;;
180302;0;16;;
180303;0;22;;
180304;0;27;;
180305;0;16;;
180306;0;14;;
180307;0;18;;
180308;0;16;;
180309;0;24;;
180310;0;19;;
180311;0;21;;
180312;0;23;;
180313;0;24;;
180314;0;29;;
180315;0;28;;
180316;0;40;;
180317;0;38;;
180318;0;16;;
180319;0;38;;
180320;0;113;;
180321;0;86;;
180322;0;27;;
180323;0;42;;
180324;0;42;;
180325;0;23;;
180326;0;31;;
180327;0;32;;
180328;0;28;;
180329;0;33;;
180330;0;18;;
180331;0;26;;
180401;0;19;;
180402;0;25;;
180403;0;41;;
180404;0;34;;
180405;0;30;;
180406;0;49;;
180407;0;50;;
180408;0;59;;
180409;0;69;;
180410;0;35;;
180411;0;40;;
180412;0;49;;
180413;0;78;;
180414;0;40;;
180415;0;37;;
180416;0;34;;
180417;0;22;;
180418;0;23;;
180419;0;39;;
180420;0;36;;
180421;0;38;;
180422;0;33;;
180423;0;32;;
180424;0;45;;
180425;0;97;;
180426;0;47;;
180427;0;50;;
180428;0;50;;
180429;0;55;;
180430;0;138;;
180501;0;71;;
180502;0;87;;
180503;0;33;;
180504;0;86;;
180505;0;153;;
180506;0;236;;
180507;0;168;;
180508;0;35;;
180509;0;34;;
180510;0;33;;
180511;0;63;;
180512;0;120;;
180513;0;106;;
180514;0;70;;
180515;0;121;;
180516;0;85;;
180517;0;105;;
180518;0;132;;
180519;0;63;;
180520;0;43;;
180521;0;26;;
180522;0;40;;
180523;0;45;;
180524;0;48;;
180525;0;87;;
180526;0;32;;
180527;0;125;;
180528;0;58;;
180529;0;66;;
180530;0;55;;
180531;0;44;;
180601;0;235;;
180602;0;430;;
180603;0;335;;
180604;0;185;;
180605;0;137;;
180606;0;106;;
180607;0;154;;
180608;0;75;;
180609;0;186;;
180610;0;325;;
180611;0;224;;
180612;0;383;;
180613;0;278;;
180614;0;259;;
180615;0;103;;
180616;0;87;;
180617;0;122;;
180618;0;93;;
180619;0;47;;
180620;0;60;;
180621;0;49;;
180622;0;86;;
180623;0;99;;
180624;0;46;;
180625;0;70;;
180626;0;70;;
180627;0;75;;
180628;0;68;;
180629;0;60;;
180630;0;111;;
180701;0;97;;
180702;0;222;;
180703;0;388;;
180704;0;240;;
180705;0;143;;
180706;0;225;;
180707;0;306;;
180708;0;279;;
180709;0;402;;
180710;0;134;;
180711;0;99;;
180712;0;;;71
180713;0;;;116
180714;0;90;;
180715;0;109;;
180716;0;66;;
180717;0;124;;
180718;0;55;;
180719;0;67;;
180720;0;105;;
180721;0;73;;
180722;0;65;;
180723;0;49;;
180724;0;114;;
180725;0;129;;
180726;0;410;;
180727;0;138;;
180728;0;47;;
180729;0;39;;
180730;0;56;;
180731;0;36;;
180801;0;100;;
180802;0;239;;
180803;0;40;;
180804;0;61;;
180805;0;47;;
180806;0;106;;
180807;0;90;;
180808;0;179;;
180809;0;153;;
180810;0;155;;
180811;0;242;;
180812;0;198;;
180813;0;97;;
180814;0;44;;
180815;0;34;;
180816;0;42;;
180817;0;61;;
180818;0;64;;
180819;0;55;;
180820;0;135;;
180821;0;125;;
180822;0;128;;
180823;0;45;;
180824;0;62;;
180825;0;56;;
180826;0;34;;
180827;0;38;;
180828;0;68;;
180829;0;75;;
180830;0;167;;
180831;0;265;;
180901;0;91;;
180902;0;39;;
180903;0;83;;
180904;0;;;
180905;0;116;;
180906;0;35;;
180907;0;38;;
180908;0;41;;
180909;0;80;;
180910;0;74;;
180911;0;37;;
180912;0;27;;
180913;0;24;;
180914;0;32;;
180915;0;39;;
180916;0;49;;
180917;0;34;;
180918;0;39;;
180919;0;43;;
180920;0;60;;
180921;0;47;;
180922;0;43;;
180923;0;35;;
180924;0;69;;
180925;0;68;;
180926;0;48;;
180927;0;75;;
180928;0;48;;
180929;0;52;;
180930;0;42;;
181001;0;35;;
181002;0;32;;
181003;0;52;;
181004;0;36;;
181005;0;88;;
181006;0;41;;
181007;0;37;;
181008;0;37;;
181009;0;38;;
181010;0;39;;
181011;0;35;;
181012;0;30;;
181013;0;21;;
181014;0;20;;
181015;0;30;;
181016;0;101;;
181017;0;71;;
181018;0;28;;
181019;0;33;;
181020;0;53;;
181021;0;31;;
181022;0;56;;
181023;0;112;;
181024;0;66;;
181025;0;37;;
181026;0;29;;
181027;0;26;;
181028;0;24;;
181029;0;19;;
181030;0;39;;
181031;0;67;;
181101;0;50;;
181102;0;35;;
181103;0;24;;
181104;0;23;;
181105;0;39;;
181106;0;40;;
181107;0;32;;
181108;0;27;;
181109;0;45;;
181110;0;42;;
181111;0;25;;
181112;0;19;;
181113;0;20;;
181114;0;26;;
181115;0;20;;
181116;0;19;;
181117;0;18;;
181118;0;14;;
181119;0;23;;
181120;0;28;;
181121;0;37;;
181122;0;21;;
181123;0;16;;
181124;0;18;;
181125;0;;;30
181126;0;22;;
181127;0;18;;
181128;0;16;;
181129;0;20;;
181130;0;22;;
181201;0;25;;
181202;0;16;;
181203;0;21;;
181204;0;17;;
181205;0;41;;
181206;0;19;;
181207;0;20;;
181208;0;;22;
181209;0;;14;
181210;0;;18;
181211;0;;15;
181212;0;;14;
181213;0;;20;
181214;0;;25;
181215;0;;25;
181216;0;;17;
181217;0;;24;
181218;0;;18;
181219;0;;13;
181220;0;;17;
181221;0;;17;
181222;0;;25;
181223;0;;19;
181224;0;;20;
181225;0;;19;
181226;0;;23;
181227;0;;20;
181228;0;;16;
181229;0;;17;
181230;0;;17;
181231;0;;20;
190101;0;23;;
190102;0;19;;
190103;0;17;;
190104;0;15;;
190105;0;24;;
190106;0;19;;
190107;0;23;;
190108;0;23;;
190109;0;24;;
190110;0;23;;
190111;0;19;;
190112;0;29;;
190113;0;22;;
190114;0;18;;
190115;0;23;;
190116;0;30;;
190117;0;24;;
190118;0;18;;
190119;0;23;;
190120;0;19;;
190121;0;27;;
190122;0;26;;
190123;0;15;;
190124;0;22;;
190125;0;;;10
190126;0;;;5
190127;0;;;5
190128;0;;;8
190129;0;16;;
190130;0;16;;
190131;0;16;;
190201;0;17;;
190202;0;33;;
190203;0;47;;
190204;0;43;;
190205;0;34;;
190206;0;24;;
190207;0;24;;
190208;0;41;;
190209;0;27;;
190210;0;22;;
190211;0;25;;
190212;0;23;;
190213;0;21;;
190214;0;19;;
190215;0;17;;
190216;0;22;;
190217;0;25;;
190218;0;16;;
190219;0;20;;
190220;0;22;;
190221;0;29;;
190222;0;34;;
190223;0;16;;
190224;0;31;;
190225;0;38;;
190226;0;28;;
190227;0;29;;
190228;0;36;;
190301;0;25;;
190302;0;26;;
190303;0;24;;
190304;0;23;;
190305;0;28;;
190306;0;28;;
190307;0;32;;
190308;0;25;;
190309;0;29;;
190310;0;33;;
190311;0;18;;
190312;0;33;;
190313;0;35;;
190314;0;41;;
190315;0;56;;
190316;0;34;;
190317;0;27;;
190318;0;30;;
190319;0;60;;
190320;0;37;;
190321;0;42;;
190322;0;23;;
190323;0;21;;
190324;0;23;;
190325;0;70;;
190326;0;87;;
190327;0;59;;
190328;0;48;;
190329;0;27;;
190330;0;37;;
190331;0;20;;
190401;0;25;;
190402;0;18;;
190403;0;25;;
190404;0;23;;
190405;0;30;;
190406;0;23;;
190407;0;31;;
190408;0;26;;
190409;0;36;;
190410;0;27;;
190411;0;19;;
190412;0;34;;
190413;0;33;;
190414;0;24;;
190415;0;21;;
190416;0;50;;
190417;0;33;;
190418;0;34;;
190419;0;38;;
190420;0;23;;
190421;0;60;;
190422;0;56;;
190423;0;118;;
190424;0;239;;
190425;0;252;;
190426;0;92;;
190427;0;73;;
190428;0;33;;
190429;0;32;;
190430;0;36;;
190501;0;61;;
190502;0;55;;
190503;0;122;;
190504;0;74;;
190505;0;29;;
190506;0;55;;
190507;0;77;;
190508;0;157;;
190509;0;60;;
190510;0;39;;
190511;0;23;;
190512;0;28;;
190513;0;73;;
190514;0;96;;
190515;0;80;;
190516;0;108;;
190517;0;60;;
190518;0;37;;
190519;0;58;;
190520;0;44;;
190521;0;31;;
190522;0;41;;
190523;0;40;;
190524;0;40;;
190525;0;44;;
190526;0;59;;
190527;0;104;;
190528;0;152;;
190529;0;146;;
190530;0;108;;
190531;0;132;;
190601;0;170;;
190602;0;112;;
190603;0;157;;
190604;0;122;;
190605;0;91;;
190606;0;43;;
190607;0;30;;
190608;0;68;;
190609;0;52;;
190610;0;63;;
190611;0;71;;
190612;0;136;;
190613;0;74;;
190614;0;86;;
190615;0;86;;
190616;0;85;;
190617;0;115;;
190618;0;102;;
190619;0;87;;
190620;0;192;;
190621;0;90;;
190622;0;53;;
190623;0;58;;
190624;0;49;;
190625;0;50;;
190626;0;57;;
190627;0;144;;
190628;0;145;;
190629;0;96;;
190630;0;81;;
190701;0;61;;
190702;0;88;;
190703;0;117;;
190704;0;192;;
190705;0;38;;
190706;0;150;;
190707;0;276;;
190708;0;171;;
190709;0;223;;
190710;0;152;;
190711;0;211;;
190712;0;228;;
190713;0;181;;
190714;0;103;;
190715;0;58;;
190716;0;123;;
190717;0;115;;
190718;0;57;;
190719;0;53;;
190720;0;87;;
190721;0;70;;
190722;0;52;;
190723;0;56;;
190724;0;52;;
190725;0;91;;
190726;0;43;;
190727;0;79;;
190728;0;139;;
190729;0;164;;
190730;0;74;;
190731;0;75;;
190801;0;56;;
190802;0;39;;
190803;0;30;;
190804;0;44;;
190805;0;88;;
190806;0;35;;
190807;0;78;;
190808;0;74;;
190809;0;32;;
190810;0;95;;
190811;0;51;;
190812;0;65;;
190813;0;141;;
190814;0;124;;
190815;0;94;;
190816;0;97;;
190817;0;60;;
190818;0;140;;
190819;0;186;;
190820;0;53;;
190821;0;54;;
190822;0;116;;
190823;0;112;;
190824;0;72;;
190825;0;89;;
190826;0;41;;
190827;0;88;;
190828;0;48;;
190829;0;38;;
190830;0;36;;
190831;0;72;;
190901;0;55;;
190902;0;88;;
190903;0;57;;
190904;0;65;;
190905;0;79;;
190906;0;173;;
190907;0;101;;
190908;0;43;;
190909;0;120;;
190910;0;121;;
190911;0;46;;
190912;0;48;;
190913;0;60;;
190914;0;31;;
190915;0;38;;
190916;0;24;;
190917;0;22;;
190918;0;31;;
190919;0;20;;
190920;0;24;;
190921;0;31;;
190922;0;28;;
190923;0;23;;
190924;0;22;;
190925;0;36;;
190926;0;121;;
190927;0;85;;
190928;0;34;;
190929;0;27;;
190930;0;32;;
191001;0;47;;
191002;0;60;;
191003;0;44;;
191004;0;29;;
191005;0;30;;
191006;0;32;;
191007;0;23;;
191008;0;23;;
191009;0;30;;
191010;0;48;;
191011;0;39;;
191012;0;29;;
191013;0;33;;
191014;0;64;;
191015;0;45;;
191016;0;37;;
191017;0;21;;
191018;0;26;;
191019;0;30;;
191020;0;23;;
191021;0;34;;
191022;0;33;;
191023;0;51;;
191024;0;35;;
191025;0;30;;
191026;0;20;;
191027;0;35;;
191028;0;51;;
191029;0;25;;
191030;0;28;;
191031;0;30;;
191101;0;23;;
191102;0;20;;
191103;0;17;;
191104;0;20;;
191105;0;17;;
191106;0;22;;
191107;0;23;;
191108;0;29;;
191109;0;22;;
191110;0;17;;
191111;0;26;;
191112;0;23;;
191113;0;29;;
191114;0;21;;
191115;0;19;;
191116;0;22;;
191117;0;19;;
191118;0;19;;
191119;0;24;;
191120;0;22;;
191121;0;22;;
191122;0;51;;
191123;0;49;;
191124;0;16;;
191125;0;22;;
191126;0;21;;
191127;0;19;;
191128;0;20;;
191129;0;18;;
191130;0;24;;
191201;0;24;;
191202;0;20;;
191203;0;24;;
191204;0;21;;
191205;0;25;;
191206;0;26;;
191207;0;20;;
191208;0;18;;
191209;0;22;;
191210;0;19;;
191211;0;17;;
191212;0;19;;
191213;0;17;;
191214;0;16;;
191215;0;17;;
191216;0;18;;
191217;0;19;;
191218;0;20;;
191219;0;21;;
191220;0;22;;
191221;0;17;;
191222;0;20;;
191223;0;19;;
191224;0;20;;
191225;0;12;;
191226;0;19;;
191227;0;16;;
191228;0;26;;
191229;0;23;;
191230;0;20;;
191231;0;36;;
200101;0;31;;
200102;0;18;;
200103;0;14;;
200104;0;14;;
200105;0;14;;
200106;0;17;;
200107;0;19;;
200108;0;19;;
200109;0;21;;
200110;0;16;;
200111;0;15;;
200112;0;14;;
200113;0;20;;
200114;0;17;;
200115;0;17;;
200116;0;18;;
200117;0;17;;
200118;0;17;;
200119;0;18;;
200120;0;19;;
200121;0;21;;
200122;0;16;;
200123;0;43;;
200124;0;;;14
200125;0;;;7
200126;0;;;7
200127;0;;;10
200128;0;18;;
200129;0;32;;
200130;0;20;;
200131;0;18;;
200201;0;14;;
200202;0;17;;
200203;0;17;;
200204;0;18;;
200205;0;29;;
200206;0;32;;
200207;0;36;;
200208;0;34;;
200209;0;27;;
200210;0;22;;
200211;0;19;;
200212;0;11;;
200213;0;15;;
200214;0;14;;
200215;0;16;;
200216;0;12;;
200217;0;15;;
200218;0;18;;
200219;0;18;;
200220;0;37;;
200221;0;52;;
200222;0;44;;
200223;0;16;;
200224;0;18;;
200225;0;19;;
200226;0;18;;
200227;0;16;;
200228;0;19;;
200229;0;18;;
200301;0;13;;
200302;0;18;;
200303;0;39;;
200304;0;24;;
200305;0;37;;
200306;0;37;;
200307;0;13;;
200308;0;13;;
200309;0;33;;
200310;0;;;
200311;0;16;;
200312;0;39;;
200313;0;21;;
200314;0;18;;
200315;0;16;;
200316;0;17;;
200317;0;24;;
200318;0;17;;
200319;0;16;;
200320;0;15;;
200321;0;20;;
200322;0;21;;
200323;0;18;;
200324;0;24;;
200325;0;31;;
200326;0;19;;
200327;0;22;;
200328;0;34;;
200329;0;45;;
200330;0;63;;
200331;0;37;;
200401;0;35;;
200402;0;43;;
200403;0;22;;
200404;0;18;;
200405;0;35;;
200406;0;44;;
200407;0;59;;
200408;0;98;;
200409;0;44;;
200410;0;28;;
200411;0;21;;
200412;0;28;;
200413;0;46;;
200414;0;49;;
200415;0;66;;
200416;0;41;;
200417;0;39;;
200418;0;49;;
200419;0;30;;
200420;0;46;;
200421;0;65;;
200422;0;168;;
200423;0;102;;
200424;0;72;;
200425;0;51;;
200426;0;94;;
200427;0;95;;
200428;0;81;;
200429;0;49;;
200430;0;73;;
200501;0;117;;
200502;0;106;;
200503;0;95;;
200504;0;103;;
200505;0;91;;
200506;0;48;;
200507;0;45;;
200508;0;82;;
200509;0;41;;
200510;0;52;;
200511;0;26;;
200512;0;88;;
200513;0;69;;
200514;0;68;;
200515;0;39;;
200516;0;39;;
200517;0;69;;
200518;0;36;;
200519;0;149;;
200520;0;130;;
200521;0;134;;
200522;0;79;;
200523;0;64;;
200524;0;49;;
200525;0;100;;
200526;0;64;;
200527;0;50;;
200528;0;110;;
200529;0;87;;
200530;0;59;;
200531;0;87;;
200601;0;49;;
200602;0;70;;
200603;0;53;;
200604;0;31;;
200605;0;82;;
200606;0;;;81
200607;0;60;;
200608;0;33;;
200609;0;40;;
200610;0;47;;
200611;0;83;;
200612;0;96;;
200613;0;104;;
200614;0;178;;
200615;0;294;;
200616;0;248;;
200617;0;164;;
200618;0;87;;
200619;0;44;;
200620;0;64;;
200621;0;81;;
200622;0;107;;
200623;0;197;;
200624;0;119;;
200625;0;101;;
200626;0;69;;
200627;0;44;;
200628;0;31;;
200629;0;68;;
200630;0;124;;
200701;0;100;;
200702;0;160;;
200703;0;188;;
200704;0;167;;
200705;0;123;;
200706;0;267;;
200707;0;188;;
200708;0;62;;
200709;0;109;;
200710;0;61;;
200711;0;68;;
200712;0;68;;
200713;0;84;;
200714;0;141;;
200715;0;119;;
200716;0;107;;
200717;0;225;;
200718;0;180;;
200719;0;206;;
200720;0;97;;
200721;0;34;;
200722;0;51;;
200723;0;120;;
200724;0;58;;
200725;0;118;;
200726;0;79;;
200727;0;93;;
200728;0;77;;
200729;0;111;;
200730;0;215;;
200731;0;196;;
200801;0;73;;
200802;0;102;;
200803;0;61;;
200804;0;91;;
200805;0;112;;
200806;0;50;;
200807;0;92;;
200808;0;83;;
200809;0;69;;
200810;0;41;;
200811;0;31;;
200812;0;25;;
200813;0;45;;
200814;0;40;;
200815;0;23;;
200816;0;22;;
200817;0;33;;
200818;0;95;;
200819;0;53;;
200820;0;28;;
200821;0;33;;
200822;0;31;;
200823;0;30;;
200824;0;51;;
200825;0;64;;
200826;0;56;;
200827;0;40;;
200828;0;41;;
200829;0;24;;
200830;0;32;;
200831;0;121;;
200901;0;169;;
200902;0;73;;
200903;0;33;;
200904;0;59;;
200905;0;59;;
200906;0;78;;
200907;0;88;;
200908;0;36;;
200909;0;48;;
200910;0;36;;
200911;0;29;;
200912;0;31;;
200913;0;25;;
200914;0;18;;
200915;0;46;;
200916;0;40;;
200917;0;23;;
200918;0;27;;
200919;0;35;;
200920;0;94;;
200921;0;50;;
200922;0;25;;
200923;0;30;;
200924;0;26;;
200925;0;25;;
200926;0;24;;
200927;0;19;;
200928;0;20;;
200929;0;31;;
200930;0;20;;
201001;0;32;;
201002;0;44;;
201003;0;60;;
201004;0;25;;
201005;0;21;;
201006;0;20;;
201007;0;16;;
201008;0;19;;
201009;0;19;;
201010;0;18;;
201011;0;23;;
201012;0;15;;
201013;0;19;;
201014;0;31;;
201015;0;25;;
201016;0;22;;
201017;0;19;;
201018;0;17;;
201019;0;22;;
201020;0;28;;
201021;0;30;;
201022;0;52;;
201023;0;37;;
201024;0;19;;
201025;0;14;;
201026;0;20;;
201027;0;19;;
201028;0;25;;
201029;0;23;;
201030;0;19;;
201031;0;29;;
201101;0;20;;
201102;0;24;;
201103;0;15;;
201104;0;14;;
201105;0;16;;
201106;0;15;;
201107;0;20;;
201108;0;17;;
201109;0;20;;
201110;0;23;;
201111;0;23;;
201112;0;24;;
201113;0;17;;
201114;0;17;;
201115;0;19;;
201116;0;16;;
201117;0;21;;
201118;0;27;;
201119;0;32;;
201120;0;23;;
201121;0;16;;
201122;0;13;;
201123;0;15;;
201124;0;15;;
201125;0;16;;
201126;0;16;;
201127;0;16;;
201128;0;18;;
201129;0;13;;
201130;0;15;;
201201;0;20;;
201202;0;18;;
201203;0;22;;
201204;0;16;;
201205;0;17;;
201206;0;11;;
201207;0;18;;
201208;0;16;;
201209;0;17;;
201210;0;15;;
201211;0;16;;
201212;0;15;;
201213;0;16;;
201214;0;15;;
201215;0;16;;
201216;0;17;;
201217;0;14;;
201218;0;16;;
201219;0;17;;
201220;0;15;;
201221;0;18;;
201222;0;23;;
201223;0;22;;
201224;0;19;;
201225;0;19;;
201226;0;13;;
201227;0;11;;
201228;0;15;;
201229;0;16;;
201230;0;13;;
201231;0;18;;
210101;0;16;;
210102;0;13;;
210103;0;15;;
210104;0;17;;
210105;0;17;;
210106;0;15;;
210107;0;16;;
210108;0;16;;
210109;0;18;;
210110;0;17;;
210111;0;16;;
210112;0;15;;
210113;0;15;;
210114;0;14;;
210115;0;17;;
210116;0;12;;
210117;0;7;;
210118;0;12;;
210119;0;11;;
210120;0;12;;
210121;0;13;;
210122;0;14;;
210123;0;12;;
210124;0;13;;
210125;0;11;;
210126;0;;;6
210127;0;;;7
210128;0;;;5
210129;0;;;13
210130;0;40;;
210131;0;25;;
210201;0;18;;
210202;0;18;;
210203;0;24;;
210204;0;21;;
210205;0;20;;
210206;0;67;;
210207;0;41;;
210208;0;36;;
210209;0;28;;
210210;0;29;;
210211;0;33;;
210212;0;27;;
210213;0;29;;
210214;0;18;;
210215;0;29;;
210216;0;23;;
210217;0;16;;
210218;0;14;;
210219;0;17;;
210220;0;16;;
210221;0;13;;
210222;0;16;;
210223;0;16;;
210224;0;14;;
210225;0;12;;
210226;0;28;;
210227;0;15;;
210228;0;11;;
210301;0;12;;
210302;0;35;;
210303;0;30;;
210304;0;33;;
210305;0;28;;
210306;0;26;;
210307;0;15;;
210308;0;23;;
210309;0;27;;
210310;0;19;;
210311;0;15;;
210312;0;15;;
210313;0;20;;
210314;0;43;;
210315;0;16;;
210316;0;38;;
210317;0;86;;
210318;0;52;;
210319;0;29;;
210320;0;21;;
210321;0;22;;
210322;0;22;;
210323;0;18;;
210324;0;26;;
210325;0;34;;
210326;0;25;;
210327;0;21;;
210328;0;21;;
210329;0;31;;
210330;0;21;;
210331;0;38;;
210401;0;35;;
210402;0;25;;
210403;0;22;;
210404;0;28;;
210405;0;36;;
210406;0;32;;
210407;0;27;;
210408;0;28;;
210409;0;51;;
210410;0;29;;
210411;0;21;;
210412;0;23;;
210413;0;27;;
210414;0;17;;
210415;0;15;;
210416;0;20;;
210417;0;59;;
210418;0;56;;
210419;0;36;;
210420;0;50;;
210421;0;49;;
210422;0;66;;
210423;0;41;;
210424;0;55;;
210425;0;35;;
210426;0;26;;
210427;0;31;;
210428;0;32;;
210429;0;43;;
210430;0;53;;
210501;0;51;;
210502;0;20;;
210503;0;53;;
210504;0;;;57
210505;0;;;
210506;0;;;
210507;0;266;;
210508;0;47;;
210509;0;41;;
210510;0;92;;
210511;0;69;;
210512;0;33;;
210513;0;67;;
210514;0;122;;
210515;0;84;;
210516;0;139;;
210517;0;144;;
210518;0;270;;
210519;0;192;;
210520;0;140;;
210521;0;121;;
210522;0;56;;
210523;0;45;;
210524;0;26;;
210525;0;;;
210526;0;52;;
210527;0;58;;
210528;0;57;;
210529;0;38;;
210530;0;62;;
210531;0;43;;
210601;0;31;;
210602;0;54;;
210603;0;44;;
210604;0;35;;
210605;0;32;;
210606;0;41;;
210607;0;99;;
210608;0;59;;
210609;0;51;;
210610;0;62;;
210611;0;53;;
210612;0;49;;
210613;0;68;;
210614;0;63;;
210615;0;228;;
210616;0;347;;
210617;0;422;;
210618;0;283;;
210619;0;96;;
210620;0;172;;
210621;0;172;;
210622;0;197;;
210623;0;132;;
210624;0;58;;
210625;0;73;;
210626;0;98;;
210627;0;189;;
210628;0;270;;
210629;0;321;;
210630;0;119;;
210701;0;38;;
210702;0;42;;
210703;0;23;;
210704;0;45;;
210705;0;62;;
210706;0;62;;
210707;0;73;;
210708;0;106;;
210709;0;79;;
210710;0;26;;
210711;0;20;;
210712;0;30;;
210713;0;48;;
210714;0;45;;
210715;0;35;;
210716;0;35;;
210717;0;44;;
210718;0;49;;
210719;0;41;;
210720;0;54;;
210721;0;48;;
210722;0;34;;
210723;0;42;;
210724;0;89;;
210725;0;52;;
210726;0;52;;
210727;0;53;;
210728;0;35;;
210729;0;37;;
210730;0;61;;
210731;0;59;;
210801;0;33;;
210802;0;45;;
210803;0;116;;
210804;0;311;;
210805;0;91;;
210806;0;39;;
210807;0;33;;
210808;0;42;;
210809;0;54;;
210810;0;85;;
210811;0;83;;
210812;0;111;;
210813;0;57;;
210814;0;49;;
210815;0;88;;
210816;0;68;;
210817;0;44;;
210818;0;66;;
210819;0;94;;
210820;0;73;;
210821;0;84;;
210822;0;50;;
210823;0;45;;
210824;0;29;;
210825;0;30;;
210826;0;74;;
210827;0;70;;
210828;0;35;;
210829;0;82;;
210830;0;80;;
210831;0;44;;
210901;0;82;;
210902;0;131;;
210903;0;81;;
210904;0;63;;
210905;0;84;;
210906;0;121;;
210907;0;70;;
210908;0;39;;
210909;0;46;;
210910;0;58;;
210911;0;32;;
210912;0;23;;
210913;0;28;;
210914;0;18;;
210915;0;26;;
210916;0;34;;
210917;0;27;;
210918;0;30;;
210919;0;37;;
210920;0;31;;
210921;0;48;;
210922;0;25;;
210923;0;23;;
210924;0;22;;
210925;0;23;;
210926;0;21;;
210927;0;20;;
210928;0;20;;
210929;0;29;;
210930;0;20;;
211001;0;40;;
211002;0;27;;
211003;0;14;;
211004;0;20;;
211005;0;28;;
211006;0;23;;
211007;0;41;;
211008;0;22;;
211009;0;15;;
211010;0;16;;
211011;0;24;;
211012;0;35;;
211013;0;25;;
211014;0;20;;
211015;0;13;;
211016;0;15;;
211017;0;19;;
211018;0;14;;
211019;0;19;;
211020;0;15;;
211021;0;21;;
211022;0;27;;
211023;0;25;;
211024;0;15;;
211025;0;14;;
211026;0;15;;
211027;0;17;;
211028;0;13;;
211029;0;20;;
211030;0;22;;
211031;0;18;;
211101;0;31;;
211102;0;15;;
211103;0;19;;
211104;0;17;;
211105;0;17;;
211106;0;16;;
211107;0;18;;
211108;0;26;;
211109;0;23;;
211110;0;19;;
211111;0;25;;
211112;0;21;;
211113;0;13;;
211114;0;16;;
211115;0;25;;
211116;0;19;;
211117;0;15;;
211118;0;13;;
211119;0;14;;
211120;0;15;;
211121;0;11;;
211122;0;11;;
211123;0;9;;
211124;0;11;;
211125;0;13;;
211126;0;19;;
211127;0;19;;
211128;0;13;;
211129;0;16;;
211130;0;15;;
211201;0;16;;
211202;0;14;;
211203;0;15;;
211204;0;14;;
211205;0;10;;
211206;0;16;;
211207;0;17;;
211208;0;38;;
211209;0;19;;
211210;0;14;;
211211;0;11;;
211212;0;10;;
211213;0;17;;
211214;0;13;;
211215;0;12;;
211216;0;13;;
211217;0;18;;
211218;0;17;;
211219;0;13;;
211220;0;14;;
211221;0;14;;
211222;0;19;;
211223;0;21;;
211224;0;13;;
211225;0;13;;
211226;0;9;;
211227;0;14;;
211228;0;11;;
211229;0;11;;
211230;0;13;;
211231;0;12;;
220101;0;12;;
220102;0;11;;
220103;0;12;;
220104;0;9;;
220105;0;7;;
220106;0;9;;
220107;0;9;;
220108;0;9;;
220109;0;10;;
220110;0;21;;
220111;0;8;;
220112;0;10;;
220113;0;11;;
220114;0;7;;
220115;0;10;;
220116;0;9;;
220117;0;19;;
220118;0;18;;
220119;0;25;;
220120;0;21;;
220121;0;9;;
220122;0;13;;
220123;0;8;;
220124;0;7;;
220125;0;7;;
220126;0;33;;
220127;0;27;;
220128;0;;;12
220129;0;;;
220130;0;;;
220131;0;;;8
220201;0;11;;
220202;0;9;;
220203;0;10;;
220204;0;13;;
220205;0;12;;
220206;0;9;;
220207;0;13;;
220208;0;16;;
220209;0;16;;
220210;0;16;;
220211;0;12;;
220212;0;10;;
220213;0;13;;
220214;0;21;;
220215;0;11;;
220216;0;14;;
220217;0;13;;
220218;0;10;;
220219;0;11;;
220220;0;12;;
220221;0;11;;
220222;0;36;;
220223;0;24;;
220224;0;14;;
220225;0;14;;
220226;0;12;;
220227;0;9;;
220228;0;12;;
220301;0;9;;
220302;0;8;;
220303;0;10;;
220304;0;13;;
220305;0;15;;
220306;0;25;;
220307;0;24;;
220308;0;29;;
220309;0;17;;
220310;0;18;;
220311;0;12;;
220312;0;30;;
220313;0;12;;
220314;0;16;;
220315;0;15;;
220316;0;16;;
220317;0;16;;
220318;0;32;;
220319;0;70;;
220320;0;44;;
220321;0;15;;
220322;0;19;;
220323;0;20;;
220324;0;19;;
220325;0;21;;
220326;0;26;;
220327;0;24;;
220328;0;23;;
220329;0;37;;
220330;0;44;;
220331;0;18;;
220401;0;27;;
220402;0;25;;
220403;0;12;;
220404;0;14;;
220405;0;23;;
220406;0;27;;
220407;0;55;;
220408;0;69;;
220409;0;46;;
220410;0;15;;
220411;0;32;;
220412;0;30;;
220413;0;20;;
220414;0;50;;
220415;0;27;;
220416;0;43;;
220417;0;68;;
220418;0;31;;
220419;0;25;;
220420;0;24;;
220421;0;57;;
220422;0;39;;
220423;0;30;;
220424;0;31;;
220425;0;43;;
220426;0;33;;
220427;0;126;;
220428;0;92;;
220429;0;66;;
220430;0;32;;
220501;0;46;;
220502;0;21;;
220503;0;31;;
220504;0;31;;
220505;0;34;;
220506;0;53;;
220507;0;32;;
220508;0;19;;
220509;0;28;;
220510;0;71;;
220511;0;134;;
220512;0;75;;
220513;0;50;;
220514;0;90;;
220515;0;244;;
220516;0;339;;
220517;0;332;;
220518;0;353;;
220519;0;294;;
220520;0;175;;
220521;0;62;;
220522;0;34;;
220523;0;35;;
220524;0;51;;
220525;0;53;;
220526;0;49;;
220527;0;65;;
220528;0;67;;
220529;0;132;;
220530;0;132;;
220531;0;120;;
220601;0;222;;
220602;0;246;;
220603;0;177;;
220604;0;53;;
220605;0;56;;
220606;0;74;;
220607;0;45;;
220608;0;65;;
220609;0;59;;
220610;0;82;;
220611;0;359;;
220612;0;259;;
220613;0;130;;
220614;0;177;;
220615;0;77;;
220616;0;34;;
220617;0;25;;
220618;0;49;;
220619;0;50;;
220620;0;134;;
220621;0;260;;
220622;0;288;;
220623;0;309;;
220624;0;343;;
220625;0;280;;
220626;0;90;;
220627;0;59;;
220628;0;67;;
220629;0;61;;
220630;0;67;;
220701;0;89;;
220702;0;88;;
220703;0;92;;
220704;0;61;;
220705;0;83;;
220706;0;94;;
220707;0;110;;
220708;0;159;;
220709;0;98;;
220710;0;43;;
220711;0;95;;
220712;0;70;;
220713;0;134;;
220714;0;75;;
220715;0;72;;
220716;0;68;;
220717;0;45;;
220718;0;18;;
220719;0;26;;
220720;0;34;;
220721;0;59;;
220722;0;113;;
220723;0;111;;
220724;0;96;;
220725;0;147;;
220726;0;102;;
220727;0;67;;
220728;0;20;;
220729;0;34;;
220730;0;65;;
220731;0;54;;
220801;0;42;;
220802;0;50;;
220803;0;68;;
220804;0;49;;
220805;0;160;;
220806;0;83;;
220807;0;33;;
220808;0;63;;
220809;0;26;;
220810;0;30;;
220811;0;46;;
220812;0;29;;
220813;0;66;;
220814;0;37;;
220815;0;32;;
220816;0;34;;
220817;0;39;;
220818;0;17;;
220819;0;21;;
220820;0;70;;
220821;0;46;;
220822;0;30;;
220823;0;36;;
220824;0;19;;
220825;0;29;;
220826;0;23;;
220827;0;38;;
220828;0;61;;
220829;0;104;;
220830;0;30;;
220831;0;33;;
220901;0;19;;
220902;0;12;;
220903;0;11;;
220904;0;13;;
220905;0;31;;
220906;0;68;;
220907;0;47;;
220908;0;51;;
220909;0;19;;
220910;0;24;;
220911;0;33;;
220912;0;45;;
220913;0;37;;
220914;0;60;;
220915;0;46;;
220916;0;62;;
220917;0;36;;
220918;0;43;;
220919;0;46;;
220920;0;102;;
220921;0;44;;
220922;0;50;;
220923;0;30;;
220924;0;17;;
220925;0;18;;
220926;0;17;;
220927;0;17;;
220928;0;25;;
220929;0;28;;
220930;0;33;;
221001;0;57;;
221002;0;99;;
221003;0;64;;
221004;0;18;;
221005;0;18;;
221006;0;14;;
221007;0;26;;
221008;0;26;;
221009;0;15;;
221010;0;12;;
221011;0;16;;
221012;0;17;;
221013;0;19;;
221014;0;17;;
221015;0;15;;
221016;0;53;;
221017;0;42;;
221018;0;25;;
221019;0;17;;
221020;0;14;;
221021;0;22;;
221022;0;31;;
221023;0;19;;
221024;0;15;;
221025;0;22;;
221026;0;25;;
221027;0;20;;
221028;0;21;;
221029;0;19;;
221030;0;29;;
221031;0;12;;
221101;0;17;;
221102;0;39;;
221103;0;32;;
221104;0;22;;
221105;0;15;;
221106;0;16;;
221107;0;16;;
221108;0;11;;
221109;0;12;;
221110;0;13;;
221111;0;13;;
221112;0;11;;
221113;0;11;;
221114;0;19;;
221115;0;17;;
221116;0;14;;
221117;0;17;;
221118;0;10;;
221119;0;17;;
221120;0;17;;
221121;0;10;;
221122;0;9;;
221123;0;14;;
221124;0;14;;
221125;0;12;;
221126;0;12;;
221127;0;10;;
221128;0;12;;
221129;0;12;;
221130;0;10;;
221201;0;12;;
221202;0;11;;
221203;0;13;;
221204;0;12;;
221205;0;16;;
221206;0;12;;
221207;0;13;;
221208;0;13;;
221209;0;14;;
221210;0;22;;
221211;0;10;;
221212;0;8;;
221213;0;10;;
221214;0;9;;
221215;0;10;;
221216;0;6;;
221217;0;10;;
221218;0;8;;
221219;0;15;;
221220;0;13;;
221221;0;9;;
221222;0;10;;
221223;0;12;;
221224;0;10;;
221225;0;7;;
221226;0;13;;
221227;0;9;;
221228;0;10;;
221229;0;8;;
221230;0;8;;
221231;0;11;;
230101;0;7;;
230102;0;7;;
230103;0;6;;
230104;0;7;;
230105;0;6;;
230106;0;7;;
230107;0;10;;
230108;0;10;;
230109;0;7;;
230110;0;19;;
230111;0;10;;
230112;0;9;;
230113;0;7;;
230114;0;10;;
230115;0;8;;
230116;0;8;;
230117;0;10;;
230118;0;13;;
230119;0;13;;
230120;0;8;;
230121;0;6;;
230122;0;7;;
230123;0;11;;
230124;0;;;
230125;0;4;;
230126;0;4;;
230127;0;4;;
230128;0;;;3
230129;0;;;5
230130;0;;;4
230131;0;;;5
230201;0;7;;
230202;0;7;;
230203;0;8;;
230204;0;6;;
230205;0;8;;
230206;0;9;;
230207;0;6;;
230208;0;6;;
230209;0;8;;
230210;0;9;;
230211;0;10;;
230212;0;7;;
230213;0;15;;
230214;0;10;;
230215;0;9;;
230216;0;21;;
230217;0;13;;
230218;0;8;;
230219;0;10;;
230220;0;10;;
230221;0;9;;
230222;0;8;;
230223;0;9;;
230224;0;10;;
230225;0;11;;
230226;0;9;;
230227;0;6;;
230228;0;8;;
230301;0;;;
230302;0;8;;
230303;0;12;;
230304;0;16;;
230305;0;11;;
230306;0;14;;
230307;0;20;;
230308;0;16;;
230309;0;16;;
230310;0;22;;
230311;0;30;;
230312;0;11;;
230313;0;13;;
230314;0;16;;
230315;0;13;;
230316;0;24;;
230317;0;15;;
230318;0;24;;
230319;0;15;;
230320;0;27;;
230321;0;36;;
230322;0;13;;
230323;0;18;;
230324;0;16;;
230325;0;33;;
230326;0;14;;
230327;0;20;;
230328;0;36;;
230329;0;24;;
230330;0;47;;
230331;0;48;;
230401;0;30;;
230402;0;24;;
230403;0;18;;
230404;0;32;;
230405;0;36;;
230406;0;21;;
230407;0;42;;
230408;0;24;;
230409;0;15;;
230410;0;139;;
230411;0;116;;
230412;0;103;;
230413;0;166;;
230414;0;75;;
230415;0;49;;
230416;0;32;;
230417;0;26;;
230418;0;17;;
230419;0;19;;
230420;0;15;;
230421;0;36;;
230422;0;31;;
230423;0;71;;
230424;0;30;;
230425;0;32;;
230426;0;57;;
230427;0;46;;
230428;0;70;;
230429;0;14;;
230430;0;18;;
230501;0;25;;
230502;0;25;;
230503;0;14;;
230504;0;22;;
230505;0;24;;
230506;0;31;;
230507;0;25;;
230508;0;23;;
230509;0;47;;
230510;0;83;;
230511;0;22;;
230512;0;38;;
230513;0;39;;
230514;0;119;;
230515;0;41;;
230516;0;22;;
230517;0;17;;
230518;0;38;;
230519;0;45;;
230520;0;105;;
230521;0;83;;
230522;0;133;;
230523;0;122;;
230524;0;67;;
230525;0;40;;
230526;0;53;;
230527;0;39;;
230528;0;70;;
230529;0;66;;
230530;0;53;;
230531;0;27;;
230601;0;80;;
230602;0;62;;
230603;0;57;;
230604;0;65;;
230605;0;73;;
230606;0;29;;
230607;0;46;;
230608;0;47;;
230609;0;81;;
230610;0;68;;
230611;0;29;;
230612;0;45;;
230613;0;105;;
230614;0;35;;
230615;0;100;;
230616;0;162;;
230617;0;92;;
230618;0;119;;
230619;0;401;;
230620;0;239;;
230621;0;188;;
230622;0;73;;
230623;0;92;;
230624;0;156;;
230625;0;121;;
230626;0;75;;
230627;0;188;;
230628;0;152;;
230629;0;121;;
230630;0;207;;
230701;0;198;;
230702;0;71;;
230703;0;55;;
230704;0;70;;
230705;0;53;;
230706;0;59;;
230707;0;99;;
230708;0;109;;
230709;0;117;;
230710;0;78;;
230711;0;59;;
230712;0;118;;
230713;0;197;;
230714;0;129;;
230715;0;46;;
230716;0;100;;
230717;0;101;;
230718;0;111;;
230719;0;177;;
230720;0;142;;
230721;0;86;;
230722;0;74;;
230723;0;81;;
230724;0;137;;
230725;0;202;;
230726;0;120;;
230727;0;137;;
230728;0;153;;
230729;0;26;;
230730;0;85;;
230731;0;86;;
230801;0;27;;
230802;0;26;;
230803;0;26;;
230804;0;32;;
230805;0;41;;
230806;0;42;;
230807;0;195;;
230808;0;79;;
230809;0;83;;
230810;0;56;;
230811;0;56;;
230812;0;166;;
230813;0;111;;
230814;0;65;;
230815;0;36;;
230816;0;72;;
230817;0;101;;
230818;0;124;;
230819;0;88;;
230820;0;76;;
230821;0;66;;
230822;0;36;;
230823;0;37;;
230824;0;41;;
230825;0;43;;
230826;0;30;;
230827;0;36;;
230828;0;30;;
230829;0;33;;
230830;0;29;;
230831;0;57;;
230901;0;32;;
230902;0;37;;
230903;0;70;;
230904;0;93;;
230905;0;88;;
230906;0;86;;
230907;0;69;;
230908;0;67;;
230909;0;62;;
230910;0;39;;
230911;0;32;;
230912;0;37;;
230913;0;38;;
230914;0;22;;
230915;0;38;;
230916;0;37;;
230917;0;38;;
230918;0;62;;
230919;0;109;;
230920;0;168;;
230921;0;98;;
230922;0;82;;
230923;0;58;;
230924;0;68;;
230925;0;49;;
230926;0;33;;
230927;0;34;;
230928;0;44;;
230929;0;46;;
230930;0;49;;
231001;0;27;;
231002;0;28;;
231003;0;27;;
231004;0;26;;
231005;0;29;;
231006;0;21;;
231007;0;17;;
231008;0;22;;
231009;0;18;;
231010;0;48;;
231011;0;28;;
231012;0;23;;
231013;0;33;;
231014;0;31;;
231015;0;23;;
231016;0;31;;
231017;0;41;;
231018;0;39;;
231019;0;19;;
231020;0;39;;
231021;0;37;;
231022;0;36;;
231023;0;68;;
231024;0;16;;
231025;0;22;;
231026;0;15;;
231027;0;17;;
231028;0;24;;
231029;0;29;;
231030;0;54;;
231031;0;46;;
231101;0;56;;
231102;0;25;;
231103;0;17;;
231104;0;22;;
231105;0;35;;
231106;0;39;;
231107;0;16;;
231108;0;18;;
231109;0;22;;
231110;0;24;;
231111;0;18;;
231112;0;16;;
231113;0;21;;
231114;0;17;;
231115;0;18;;
231116;0;16;;
231117;0;17;;
231118;0;23;;
231119;0;25;;
231120;0;18;;
231121;0;19;;
231122;0;18;;
231123;0;17;;
231124;0;24;;
231125;0;18;;
231126;0;22;;
231127;0;32;;
231128;0;18;;
231129;0;16;;
231130;0;16;;
231201;0;18;;
231202;0;20;;
231203;0;16;;
231204;0;16;;
231205;0;16;;
231206;0;19;;
231207;0;28;;
231208;0;24;;
231209;0;17;;
231210;0;12;;
231211;0;17;;
231212;0;15;;
231213;0;16;;
231214;0;15;;
231215;0;20;;
231216;0;18;;
231217;0;37;;
231218;0;23;;
231219;0;30;;
231220;0;27;;
231221;0;18;;
231222;0;21;;
231223;0;17;;
231224;0;18;;
231225;0;16;;
231226;0;27;;
231227;0;19;;
231228;0;36;;
231229;0;27;;
231230;0;21;;
231231;0;22;;
240101;0;21;;
240102;0;18;;
240103;0;23;;
240104;0;18;;
240105;0;13;;
240106;0;14;;
240107;0;14;;
240108;0;16;;
240109;0;12;;
240110;0;16;;
240111;0;18;;
240112;0;14;;
240113;0;18;;
240114;0;13;;
240115;0;13;;
240116;0;18;;
240117;0;19;;
240118;0;22;;
240119;0;19;;
240120;0;23;;
240121;0;17;;
240122;0;22;;
240123;0;24;;
240124;0;22;;
240125;0;18;;
240126;0;23;;
240127;0;24;;
240128;0;19;;
240129;0;17;;
240130;0;22;;
240131;0;17;;
240201;0;14;;
240202;0;18;;
240203;0;11;;
240204;0;11;;
240205;0;14;;
240206;0;12;;
240207;0;11;;
240208;0;12;;
240209;0;16;;
240210;0;16;;
240211;0;14;;
240212;0;15;;
240213;0;17;;
240214;0;27;;
240215;0;31;;
240216;0;29;;
240217;0;17;;
240218;0;12;;
240219;0;16;;
240220;0;17;;
240221;0;14;;
240222;0;14;;
240223;0;24;;
240224;0;31;;
240225;0;18;;
240226;0;13;;
240227;0;14;;
240228;0;16;;
240229;0;20;;
240301;0;15;;
240302;0;17;;
240303;0;18;;
240304;0;58;;
240305;0;49;;
240306;0;16;;
240307;0;32;;
240308;0;22;;
240309;0;16;;
240310;0;14;;
240311;0;29;;
240312;0;14;;
240313;0;23;;
240314;0;15;;
240315;0;18;;
240316;0;14;;
240317;0;11;;
240318;0;20;;
240319;0;24;;
240320;0;;;13
240321;0;;;5
240322;0;;;4
240323;0;;;6
240324;0;29;;
240325;0;28;;
240326;0;16;;
240327;0;23;;
240328;0;30;;
240329;0;16;;
240330;0;24;;
240331;0;26;;
240401;0;23;;
240402;0;35;;
240403;0;22;;
240404;0;16;;
240405;0;17;;
240406;0;14;;
240407;0;18;;
240408;0;30;;
240409;0;42;;
240410;0;121;;
240411;0;202;;
240412;0;152;;
240413;0;184;;
240414;0;91;;
240415;0;56;;
240416;0;25;;
240417;0;29;;
240418;0;41;;
240419;0;19;;
240420;0;31;;
240421;0;108;;
240422;0;112;;
240423;0;78;;
240424;0;73;;
240425;0;41;;
240426;0;29;;
240427;0;21;;
240428;0;28;;
240429;0;35;;
240430;0;37;;
240501;0;65;;
240502;0;60;;
240503;0;51;;
240504;0;40;;
240505;0;34;;
240506;0;83;;
240507;0;87;;
240508;0;55;;
240509;0;75;;
240510;0;81;;
240511;0;82;;
240512;0;131;;
240513;0;131;;
240514;0;298;;
240515;0;395;;
240516;0;196;;
240517;0;201;;
240518;0;237;;
240519;0;100;;
240520;0;100;;
240521;0;71;;
240522;0;64;;
240523;0;152;;
240524;0;275;;
240525;0;316;;
240526;0;291;;
240527;0;151;;
240528;0;147;;
240529;0;52;;
240530;0;155;;
240531;0;126;;
240601;0;112;;
240602;0;102;;
240603;0;130;;
240604;0;151;;
240605;0;120;;
240606;0;122;;
240607;0;112;;
240608;0;135;;
240609;0;104;;
240610;0;95;;
240611;0;114;;
240612;0;119;;
240613;0;71;;
240614;0;45;;
240615;0;38;;
240616;0;82;;
240617;0;78;;
240618;0;75;;
240619;0;68;;
240620;0;38;;
240621;0;157;;
240622;0;112;;
240623;0;187;;
240624;0;234;;
240625;0;46;;
240626;0;70;;
240627;0;96;;
240628;0;83;;
240629;0;75;;
240630;0;42;;
240701;0;79;;
240702;0;69;;
240703;0;35;;
240704;0;69;;
240705;0;67;;
240706;0;80;;
240707;0;78;;
240708;0;161;;
240709;0;165;;
240710;0;73;;
240711;0;60;;
240712;0;66;;
240713;0;148;;
240714;0;189;;
240715;0;49;;
240716;0;78;;
240717;0;151;;
240718;0;116;;
240719;0;56;;
240720;0;47;;
240721;0;24;;
240722;0;35;;
240723;0;63;;
240724;0;43;;
240725;0;30;;
240726;0;34;;
240727;0;48;;
240728;0;49;;
240729;0;51;;
240730;0;119;;
240731;0;129;;
240801;0;131;;
240802;0;56;;
240803;0;36;;
240804;0;74;;
240805;0;96;;
240806;0;84;;
240807;0;105;;
240808;0;47;;
240809;0;37;;
240810;0;34;;
240811;0;31;;
240812;0;42;;
240813;0;91;;
240814;0;55;;
240815;0;30;;
240816;0;53;;
240817;0;58;;
240818;0;103;;
240819;0;113;;
240820;0;166;;
240821;0;68;;
240822;0;61;;
240823;0;56;;
240824;0;56;;
240825;0;99;;
240826;0;34;;
240827;0;54;;
240828;0;51;;
240829;0;77;;
240830;0;107;;
240831;0;53;;
240901;0;46;;
240902;0;42;;
240903;0;23;;
240904;0;22;;
240905;0;27;;
240906;0;21;;
240907;0;18;;
240908;0;25;;
240909;0;29;;
240910;0;46;;
240911;0;24;;
240912;0;24;;
240913;0;32;;
240914;0;27;;
240915;0;20;;
240916;0;26;;
240917;0;23;;
240918;0;60;;
240919;0;27;;
240920;0;37;;
240921;0;31;;
240922;0;31;;
240923;0;25;;
240924;0;29;;
240925;0;22;;
240926;0;18;;
240927;0;21;;
240928;0;25;;
240929;0;31;;
240930;0;35;;
241001;0;36;;
241002;0;36;;
241003;0;33;;
241004;0;31;;
241005;0;51;;
241006;0;42;;
241007;0;27;;
241008;0;49;;
241009;0;38;;
241010;0;32;;
241011;0;21;;
241012;0;16;;
241013;0;15;;
241014;0;29;;
241015;0;33;;
241016;0;37;;
241017;0;23;;
241018;0;39;;
241019;0;56;;
241020;0;28;;
241021;0;27;;
241022;0;18;;
241023;0;20;;
241024;0;23;;
241025;0;29;;
241026;0;18;;
241027;0;28;;
241028;0;21;;
241029;0;24;;
241030;0;21;;
241031;0;19;;
241101;0;22;;
241102;0;17;;
241103;0;17;;
241104;0;22;;
241105;0;28;;
241106;0;30;;
241107;0;28;;
241108;0;18;;
241109;0;21;;
241110;0;15;;
241111;0;15;;
241112;0;15;;
241113;0;16;;
241114;0;13;;
241115;0;18;;
241116;0;16;;
241117;0;20;;
241118;0;36;;
241119;0;27;;
241120;0;17;;
241121;0;24;;
241122;0;22;;
241123;0;17;;
241124;0;19;;
241125;0;25;;
241126;0;22;;
241127;0;20;;
241128;0;20;;
241129;0;18;;
241130;0;13;;
241201;0;19;;
241202;0;21;;
241203;0;19;;
241204;0;19;;
241205;0;21;;
241206;0;29;;
241207;0;22;;
241208;0;22;;
241209;0;26;;
241210;0;16;;
241211;0;19;;
241212;0;18;;
241213;0;20;;
241214;0;20;;
241215;0;17;;
241216;0;30;;
241217;0;17;;
241218;0;17;;
241219;0;13;;
241220;0;12;;
241221;0;15;;
241222;0;12;;
241223;0;13;;
241224;0;16;;
241225;0;25;;
241226;0;16;;
241227;0;38;;
241228;0;29;;
241229;0;16;;
241230;0;13;;
241231;0;15;;
250101;0;17;;
250102;0;11;;
250103;0;11;;
250104;0;13;;
250105;0;15;;
250106;0;18;;
250107;0;15;;
250108;0;16;;
250109;0;15;;
250110;0;21;;
250111;0;18;;
250112;0;59;;
250113;0;13;;
250114;0;10;;
250115;0;15;;
250116;0;12;;
250117;0;15;;
250118;0;18;;
250119;0;11;;
250120;0;23;;
250121;0;12;;
250122;0;19;;
250123;0;11;;
250124;0;13;;
250125;0;10;;
250126;0;11;;
250127;0;11;;
250128;0;8;;
250129;0;13;;
250130;0;14;;
250131;0;14;;
250201;0;15;;
250202;0;11;;
250203;0;19;;
250204;0;16;;
250205;0;21;;
250206;0;15;;
250207;0;22;;
250208;0;13;;
250209;0;26;;
250210;0;12;;
250211;0;14;;
250212;0;13;;
250213;0;17;;
250214;0;20;;
250215;0;15;;
250216;0;17;;
250217;0;22;;
250218;0;14;;
250219;0;12;;
250220;0;16;;
250221;0;19;;
250222;0;11;;
250223;0;12;;
250224;0;11;;
250225;0;24;;
250226;0;24;;
250227;0;14;;
250228;0;32;;
250301;0;;;
250302;0;;;
250303;0;;;
250304;0;;;
250305;0;31;;
250306;0;31;;
250307;0;24;;
250308;0;27;;
250309;0;21;;
250310;0;22;;
250311;0;25;;
250312;0;31;;
250313;0;27;;
250314;0;35;;
250315;0;23;;
250316;0;16;;
250317;0;25;;
250318;0;28;;
250319;0;16;;
250320;0;17;;
250321;0;46;;
250322;0;37;;
250323;0;31;;
250324;0;63;;
250325;0;85;;
250326;0;50;;
250327;0;27;;
250328;0;29;;
250329;0;52;;
250330;0;;;13
250331;0;;;5
250401;0;;;4
250402;0;;;6
250403;0;54;;
250404;0;141;;
250405;0;160;;
250406;0;77;;
250407;0;54;;
250408;0;121;;
250409;0;93;;
250410;0;64;;
250411;0;32;;
250412;0;26;;
250413;0;44;;
250414;0;28;;
250415;0;65;;
250416;0;41;;
250417;0;31;;
250418;0;49;;
250419;0;81;;
250420;0;70;;
250421;0;63;;
250422;0;66;;
250423;0;57;;
250424;0;59;;
250425;0;22;;
250426;0;19;;
250427;0;18;;
250428;0;33;;
250429;0;26;;
250430;0;70;;
250501;0;61;;
250502;0;31;;
250503;0;46;;
250504;0;58;;
250505;0;102;;
250506;0;44;;
250507;0;47;;
250508;0;56;;
250509;0;42;;
250510;0;23;;
250511;0;73;;
250512;0;30;;
250513;0;36;;
250514;0;22;;
250515;0;35;;
250516;0;62;;
250517;0;59;;
250518;0;35;;
250519;0;84;;
250520;0;61;;
250521;0;42;;
250522;0;95;;
250523;0;42;;
250524;0;53;;
250525;0;122;;
250526;0;32;;
250527;0;47;;
250528;0;41;;
250529;0;51;;
250530;0;21;;
250531;0;25;;
250601;0;41;;
250602;0;70;;
250603;0;46;;
250604;0;29;;
250605;0;50;;
250606;0;183;;
250607;0;240;;
250608;0;120;;
250609;0;158;;
250610;0;314;;
250611;0;354;;
250612;0;58;;
250613;0;38;;
250614;0;64;;
250615;0;73;;
250616;0;33;;
250617;0;50;;
250618;0;31;;
250619;0;42;;
250620;0;34;;
250621;0;35;;
250622;0;77;;
250623;0;24;;
250624;0;42;;
250625;0;26;;
250626;0;60;;
250627;0;75;;
250628;0;104;;
250629;0;114;;
250630;0;173;;
250701;0;161;;
250702;0;94;;
250703;0;90;;
250704;0;177;;
250705;0;295;;
250706;0;191;;
250707;0;;;
250708;0;45;;
250709;0;32;;
250710;0;19;;
250711;0;44;;
250712;0;59;;
250713;0;55;;
250714;0;59;;
250715;0;41;;
250716;0;25;;
250717;0;66;;
250718;0;25;;
250719;0;34;;
250720;0;82;;
250721;0;63;;
250722;0;76;;
250723;0;169;;
250724;0;128;;
250725;0;28;;
250726;0;96;;
250727;0;80;;
250728;0;142;;
250729;0;196;;
250730;0;126;;
250731;0;81;;
250801;0;94;;
250802;0;54;;
250803;0;74;;
250804;0;145;;
250805;0;60;;
250806;0;34;;
250807;0;69;;
250808;0;241;;
250809;0;163;;
250810;0;93;;
250811;0;71;;
250812;0;100;;
250813;0;183;;
250814;0;141;;
250815;0;103;;
250816;0;100;;
250817;0;114;;
250818;0;77;;
250819;0;39;;
250820;0;33;;
250821;0;36;;
250822;0;33;;
250823;0;23;;
250824;0;23;;
250825;0;24;;
250826;0;25;;
250827;0;77;;
250828;0;129;;
250829;0;58;;
250830;0;82;;
250831;0;50;;
250901;0;29;;
250902;0;24;;
250903;0;48;;
250904;0;43;;
250905;0;94;;
250906;0;146;;
250907;0;53;;
250908;0;46;;
250909;0;46;;
250910;0;21;;
250911;0;55;;
250912;0;66;;
250913;0;20;;
250914;0;19;;
250915;0;49;;
250916;0;43;;
250917;0;57;;
250918;0;30;;
250919;0;59;;
250920;0;62;;
250921;0;16;;
250922;0;25;;
250923;0;85;;
250924;0;101;;
250925;0;82;;
250926;0;21;;
250927;0;28;;
250928;0;23;;
250929;0;21;;
250930;0;25;;
251001;0;;;16
251002;0;22;;
251003;0;68;;
251004;0;33;;
251005;0;28;;
251006;0;17;;
251007;0;15;;
251008;0;25;;
251009;0;23;;
251010;0;39;;
251011;0;28;;
251012;0;11;;
251013;0;22;;
251014;0;21;;
251015;0;16;;
251016;0;20;;
251017;0;;;
251018;0;20;;
251019;0;21;;
251020;0;17;;
251021;0;18;;
251022;0;16;;
251023;0;19;;
251024;0;15;;
251025;0;20;;
251026;0;31;;
251027;0;32;;
251028;0;47;;
251029;0;30;;
251030;0;16;;
251031;0;11;;
251101;0;15;;
251102;0;21;;
251103;0;20;;
251104;0;28;;
251105;0;24;;
251106;0;33;;
251107;0;28;;
251108;0;32;;
251109;0;36;;
251110;0;23;;
251111;0;18;;
251112;0;14;;
251113;0;13;;
251114;0;19;;
251115;0;18;;
251116;0;21;;
251117;0;15;;
251118;0;13;;
251119;0;17;;
251120;0;15;;
251121;0;13;;
251122;0;13;;
251123;0;10;;
251124;0;15;;
251125;0;15;;
251126;0;14;;
251127;0;30;;
251128;0;37;;
251129;0;27;;
251130;0;18;;
251201;0;15;;
251202;0;19;;
251203;0;19;;
251204;0;11;;
251205;0;12;;
251206;0;14;;
251207;0;11;;
251208;0;9;;
251209;0;15;;
251210;0;10;;
251211;0;20;;
251212;0;9;;
251213;0;9;;
251214;0;12;;
251215;0;9;;
251216;0;9;;
251217;0;14;;
251218;0;10;;
251219;0;11;;
251220;0;8;;
251221;0;6;;
251222;0;11;;
251223;0;9;;
251224;0;15;;
251225;0;7;;
251226;0;8;;
251227;0;11;;
251228;0;8;;
251229;0;9;;
251230;0;9;;
